book,character
Harry Potter and the Chamber of Secrets,Mr Mason
Harry Potter and the Chamber of Secrets,Mrs Mason
Harry Potter and the Chamber of Secrets,Dobby
Harry Potter and the Chamber of Secrets,Mafalda Hopkirk
Harry Potter and the Chamber of Secrets,Errol
Harry Potter and the Chamber of Secrets,Perkins
Harry Potter and the Chamber of Secrets,Weasley family garden gnomes
Harry Potter and the Chamber of Secrets,Weasley family chickens
Harry Potter and the Chamber of Secrets,Celestina Warbeck
Harry Potter and the Chamber of Secrets,Gilderoy Lockhart
Harry Potter and the Chamber of Secrets,Father Christmas
Harry Potter and the Chamber of Secrets,Mundungus Fletcher
Harry Potter and the Chamber of Secrets,Mortlake
Harry Potter and the Chamber of Secrets,Weasley family ghoul
Harry Potter and the Chamber of Secrets,Chudley Cannons Quidditch Team
Harry Potter and the Chamber of Secrets,Martin Miggs
Harry Potter and the Chamber of Secrets,Mr Borgin
Harry Potter and the Chamber of Secrets,Aged witch
Harry Potter and the Chamber of Secrets,Mr Granger
Harry Potter and the Chamber of Secrets,Mrs Granger
Harry Potter and the Chamber of Secrets,Dr Filibuster
Harry Potter and the Chamber of Secrets,Bozo
Harry Potter and the Chamber of Secrets,Manager of Flourish and Blotts
Harry Potter and the Chamber of Secrets,Hetty Bayliss
Harry Potter and the Chamber of Secrets,Angus Fleet
Harry Potter and the Chamber of Secrets,Justin Finch-Fletchley's mother
Harry Potter and the Chamber of Secrets,Colin Creevey
Harry Potter and the Chamber of Secrets,Mr Creevey
Harry Potter and the Chamber of Secrets,Bandon Banshee
Harry Potter and the Chamber of Secrets,Ogden
Harry Potter and the Chamber of Secrets,Lockhart's pixies
Harry Potter and the Chamber of Secrets,Gladys Gudgeon
Harry Potter and the Chamber of Secrets,Veronica Smethley
Harry Potter and the Chamber of Secrets,Sir Patrick Delaney-Podmore
Harry Potter and the Chamber of Secrets,Z. Nettles
Harry Potter and the Chamber of Secrets,D.J. Prod
Harry Potter and the Chamber of Secrets,Care of Magical Creatures salamander
Harry Potter and the Chamber of Secrets,Portly ghost
Harry Potter and the Chamber of Secrets,Myrtle Warren
Harry Potter and the Chamber of Secrets,Wailing Widow
Harry Potter and the Chamber of Secrets,Ghosts unnamed
Harry Potter and the Chamber of Secrets,Mrs Skower
Harry Potter and the Chamber of Secrets,Godric Gryffindor
Harry Potter and the Chamber of Secrets,Helga Hufflepuff
Harry Potter and the Chamber of Secrets,Rowena Ravenclaw
Harry Potter and the Chamber of Secrets,Salazar Slytherin
Harry Potter and the Chamber of Secrets,Transylvanian villager
Harry Potter and the Chamber of Secrets,Unnamed Yeti
Harry Potter and the Chamber of Secrets,Unnamed Vampire
Harry Potter and the Chamber of Secrets,Wagga Wagga Werewolf
Harry Potter and the Chamber of Secrets,Ernie Macmillan
Harry Potter and the Chamber of Secrets,S. Fawcett
Harry Potter and the Chamber of Secrets,Blood-Sucking Bugbear
Harry Potter and the Chamber of Secrets,Aurora Sinistra
Harry Potter and the Chamber of Secrets,Fawkes
Harry Potter and the Chamber of Secrets,Penelope Clearwater
Harry Potter and the Chamber of Secrets,Millicent Bulstrode's cat
Harry Potter and the Chamber of Secrets,Auntie Mabel
Harry Potter and the Chamber of Secrets,Lockhart's dwarfs
Harry Potter and the Chamber of Secrets,Armando Dippet
Harry Potter and the Chamber of Secrets,Aragog
Harry Potter and the Chamber of Secrets,Myrtle's parents
Harry Potter and the Chamber of Secrets,Unidentified eleven Hogwarts Board of Governors members
Harry Potter and the Chamber of Secrets,Mosag
Harry Potter and the Chamber of Secrets,Forbidden Forest Acromantula colony
Harry Potter and the Chamber of Secrets,Olive Hornby
Harry Potter and the Chamber of Secrets,Tom Riddle Senior
Harry Potter and the Chamber of Secrets,Merope Riddle
Harry Potter and the Chamber of Secrets,Serpent of Slytherin
Harry Potter and the Philosopher's Stone,Vernon Dursley
Harry Potter and the Philosopher's Stone,Petunia Dursley
Harry Potter and the Philosopher's Stone,Dudley Dursley
Harry Potter and the Philosopher's Stone,Lily Potter
Harry Potter and the Philosopher's Stone,James Potter
Harry Potter and the Philosopher's Stone,Harry Potter
Harry Potter and the Philosopher's Stone,Violet-cloaked wizard
Harry Potter and the Philosopher's Stone,Lord Voldemort
Harry Potter and the Philosopher's Stone,Jim McGuffin
Harry Potter and the Philosopher's Stone,Ted
Harry Potter and the Philosopher's Stone,Vernon Dursley's secretary
Harry Potter and the Philosopher's Stone,Albus Dumbledore
Harry Potter and the Philosopher's Stone,Minerva McGonagall
Harry Potter and the Philosopher's Stone,Dedalus Diggle
Harry Potter and the Philosopher's Stone,Poppy Pomfrey
Harry Potter and the Philosopher's Stone,Rubeus Hagrid
Harry Potter and the Philosopher's Stone,Sirius Black
Harry Potter and the Philosopher's Stone,Marge Dursley
Harry Potter and the Philosopher's Stone,Arabella Figg
Harry Potter and the Philosopher's Stone,Tibbles
Harry Potter and the Philosopher's Stone,Snowy
Harry Potter and the Philosopher's Stone,Mr Paws
Harry Potter and the Philosopher's Stone,Tufty
Harry Potter and the Philosopher's Stone,Yvonne
Harry Potter and the Philosopher's Stone,Piers Polkiss
Harry Potter and the Philosopher's Stone,Piers Polkiss's mother
Harry Potter and the Philosopher's Stone,Keeper of the reptile house
Harry Potter and the Philosopher's Stone,Zoo director
Harry Potter and the Philosopher's Stone,A boa constrictor
Harry Potter and the Philosopher's Stone,A gorilla
Harry Potter and the Philosopher's Stone,Dennis
Harry Potter and the Philosopher's Stone,Malcolm
Harry Potter and the Philosopher's Stone,Gordon
Harry Potter and the Philosopher's Stone,Dudley's parrot
Harry Potter and the Philosopher's Stone,Dudley's tortoise
Harry Potter and the Philosopher's Stone,Owner of the Railview Hotel
Harry Potter and the Philosopher's Stone,Rowboat owner
Harry Potter and the Philosopher's Stone,Merlin
Harry Potter and the Philosopher's Stone,Mr Evans
Harry Potter and the Philosopher's Stone,Mrs Evans
Harry Potter and the Philosopher's Stone,McKinnon family
Harry Potter and the Philosopher's Stone,Bones family
Harry Potter and the Philosopher's Stone,Prewett family
Harry Potter and the Philosopher's Stone,Cornelius Fudge
Harry Potter and the Philosopher's Stone,Miranda Goshawk
Harry Potter and the Philosopher's Stone,Bathilda Bagshot
Harry Potter and the Philosopher's Stone,Adalbert Waffling
Harry Potter and the Philosopher's Stone,Emeric Switch
Harry Potter and the Philosopher's Stone,Phyllida Spore
Harry Potter and the Philosopher's Stone,Arsenus Jigger
Harry Potter and the Philosopher's Stone,Newton Scamander
Harry Potter and the Philosopher's Stone,Quentin Trimble
Harry Potter and the Philosopher's Stone,Tom
Harry Potter and the Philosopher's Stone,Doris Crockford
Harry Potter and the Philosopher's Stone,Quirinus Quirrell
Harry Potter and the Philosopher's Stone,Gringotts Head Goblin
Harry Potter and the Philosopher's Stone,Griphook
Harry Potter and the Philosopher's Stone,Madam Malkin
Harry Potter and the Philosopher's Stone,Draco Malfoy
Harry Potter and the Philosopher's Stone,Lucius Malfoy
Harry Potter and the Philosopher's Stone,Narcissa Malfoy
Harry Potter and the Philosopher's Stone,Vindictus Viridian
Harry Potter and the Philosopher's Stone,Hedwig
Harry Potter and the Philosopher's Stone,Garrick Ollivander
Harry Potter and the Philosopher's Stone,King's Cross Station guard
Harry Potter and the Philosopher's Stone,Ginny Weasley
Harry Potter and the Philosopher's Stone,Molly Weasley
Harry Potter and the Philosopher's Stone,Percy Weasley
Harry Potter and the Philosopher's Stone,Fred Weasley
Harry Potter and the Philosopher's Stone,George Weasley
Harry Potter and the Philosopher's Stone,Ron Weasley
Harry Potter and the Philosopher's Stone,Neville Longbottom
Harry Potter and the Philosopher's Stone,Augusta Longbottom
Harry Potter and the Philosopher's Stone,Lee Jordan
Harry Potter and the Philosopher's Stone,Lee Jordan's tarantula
Harry Potter and the Philosopher's Stone,Bill Weasley
Harry Potter and the Philosopher's Stone,Charlie Weasley
Harry Potter and the Philosopher's Stone,Arthur Weasley
Harry Potter and the Philosopher's Stone,Peter Pettigrew
Harry Potter and the Philosopher's Stone,Trolley witch
Harry Potter and the Philosopher's Stone,Cornelius Agrippa
Harry Potter and the Philosopher's Stone,Claudius Ptolemy
Harry Potter and the Philosopher's Stone,Gellert Grindelwald
Harry Potter and the Philosopher's Stone,Nicolas Flamel
Harry Potter and the Philosopher's Stone,Morgan le Fay
Harry Potter and the Philosopher's Stone,Hengist of Woodcroft
Harry Potter and the Philosopher's Stone,Alberic Grunnion
Harry Potter and the Philosopher's Stone,Circe
Harry Potter and the Philosopher's Stone,Paracelsus
Harry Potter and the Philosopher's Stone,Cliodna
Harry Potter and the Philosopher's Stone,Bertie Bott
Harry Potter and the Philosopher's Stone,Trevor
Harry Potter and the Philosopher's Stone,Hermione Granger
Harry Potter and the Philosopher's Stone,Vincent Crabbe
Harry Potter and the Philosopher's Stone,Gregory Goyle
Harry Potter and the Philosopher's Stone,Hogwarts Express conductor
Harry Potter and the Philosopher's Stone,Hermes
Harry Potter and the Philosopher's Stone,Fat Friar
Harry Potter and the Philosopher's Stone,Peeves
Harry Potter and the Philosopher's Stone,Sorting Hat
Harry Potter and the Philosopher's Stone,Hannah Abbott
Harry Potter and the Philosopher's Stone,Susan Bones
Harry Potter and the Philosopher's Stone,Terry Boot
Harry Potter and the Philosopher's Stone,Mandy Brocklehurst
Harry Potter and the Philosopher's Stone,Lavender Brown
Harry Potter and the Philosopher's Stone,Millicent Bulstrode
Harry Potter and the Philosopher's Stone,Justin Finch-Fletchley
Harry Potter and the Philosopher's Stone,Seamus Finnigan
Harry Potter and the Philosopher's Stone,Morag MacDougal
Harry Potter and the Philosopher's Stone,Lily Moon
Harry Potter and the Philosopher's Stone,Theodore Nott
Harry Potter and the Philosopher's Stone,Pansy Parkinson
Harry Potter and the Philosopher's Stone,Padma Patil
Harry Potter and the Philosopher's Stone,Parvati Patil
Harry Potter and the Philosopher's Stone,Sally-Anne Perks
Harry Potter and the Philosopher's Stone,Dean Thomas
Harry Potter and the Philosopher's Stone,Lisa Turpin
Harry Potter and the Philosopher's Stone,Blaise Zabini
Harry Potter and the Philosopher's Stone,Nearly-Headless Nick
Harry Potter and the Philosopher's Stone,Bloody Baron
Harry Potter and the Philosopher's Stone,Mr Finnigan
Harry Potter and the Philosopher's Stone,Mrs Finnigan
Harry Potter and the Philosopher's Stone,Algie
Harry Potter and the Philosopher's Stone,Enid
Harry Potter and the Philosopher's Stone,Severus Snape
Harry Potter and the Philosopher's Stone,Argus Filch
Harry Potter and the Philosopher's Stone,Rolanda Hooch
Harry Potter and the Philosopher's Stone,Fat Lady
Harry Potter and the Philosopher's Stone,Mrs Norris
Harry Potter and the Philosopher's Stone,Pomona Sprout
Harry Potter and the Philosopher's Stone,Cuthbert Binns
Harry Potter and the Philosopher's Stone,Emeric the Evil
Harry Potter and the Philosopher's Stone,Uric the Oddball
Harry Potter and the Philosopher's Stone,Filius Flitwick
Harry Potter and the Philosopher's Stone,Fang
Harry Potter and the Philosopher's Stone,Oliver Wood
Harry Potter and the Philosopher's Stone,Helena Ravenclaw
Harry Potter and the Philosopher's Stone,Draco Malfoy's eagle owl
Harry Potter and the Philosopher's Stone,Gregory the Smarmy
Harry Potter and the Philosopher's Stone,Fluffy
Harry Potter and the Philosopher's Stone,Baruffio
Harry Potter and the Philosopher's Stone,Quirinus Quirrell's first mountain troll
Harry Potter and the Philosopher's Stone,Angelina Johnson
Harry Potter and the Philosopher's Stone,Marcus Flint
Harry Potter and the Philosopher's Stone,Alicia Spinnet
Harry Potter and the Philosopher's Stone,Katie Bell
Harry Potter and the Philosopher's Stone,Miles Bletchley
Harry Potter and the Philosopher's Stone,Adrian Pucey
Harry Potter and the Philosopher's Stone,Terence Higgs
Harry Potter and the Philosopher's Stone,Irma Pince
Harry Potter and the Philosopher's Stone,Ron's grandfather
Harry Potter and the Philosopher's Stone,Harry's relatives
Harry Potter and the Philosopher's Stone,Perenelle Flamel
Harry Potter and the Philosopher's Stone,Norbert
Harry Potter and the Philosopher's Stone,Charlie Weasley's colleagues
Harry Potter and the Philosopher's Stone,Ronan
Harry Potter and the Philosopher's Stone,Bane
Harry Potter and the Philosopher's Stone,Firenze
Harry Potter and the Philosopher's Stone,Unicorn
Harry Potter and the Philosopher's Stone,Elfric the Eager
Harry Potter and the Philosopher's Stone,Hogwarts Giant Squid
Harry Potter and the Philosopher's Stone,Quirinus Quirrell's second mountain troll
Harry Potter and the Philosopher's Stone,King's Cross Station guard (wizard)
Harry Potter and the Deathly Hallows,Malfoy's Albino peacock
Harry Potter and the Deathly Hallows,Pius Thicknesse
Harry Potter and the Deathly Hallows,Charity Burbage
Harry Potter and the Deathly Hallows,Percival Dumbledore
Harry Potter and the Deathly Hallows,Three Muggle boys
Harry Potter and the Deathly Hallows,Kendra Dumbledore
Harry Potter and the Deathly Hallows,Ariana Dumbledore
Harry Potter and the Deathly Hallows,Betty Braithwaite
Harry Potter and the Deathly Hallows,Ivor Dillonsby
Harry Potter and the Deathly Hallows,Selwyn
Harry Potter and the Deathly Hallows,Hedwig's killer
Harry Potter and the Deathly Hallows,Monsieur Delacour
Harry Potter and the Deathly Hallows,Dragomir Gorgovitch
Harry Potter and the Deathly Hallows,Beedle the Bard
Harry Potter and the Deathly Hallows,Babbitty Rabbity
Harry Potter and the Deathly Hallows,Lancelot
Harry Potter and the Deathly Hallows,Ronald Weasley's uncle
Harry Potter and the Deathly Hallows,The Weasleys' many cousins
Harry Potter and the Deathly Hallows,Barny Weasley
Harry Potter and the Deathly Hallows,Delacour sisters' cousins
Harry Potter and the Deathly Hallows,Squat wizard in purple porkpie hat
Harry Potter and the Deathly Hallows,Muriel's mother
Harry Potter and the Deathly Hallows,Viktor Krum's grandfather
Harry Potter and the Deathly Hallows,Waiters at Bill Weasley and Fleur Delacour's wedding
Harry Potter and the Deathly Hallows,Band at Bill Weasley and Fleur Delacour's wedding
Harry Potter and the Deathly Hallows,Other unnamed wedding guests
Harry Potter and the Deathly Hallows,Workmen at Tottenham Court Road
Harry Potter and the Deathly Hallows,Waitress at Tottenham Court Road
Harry Potter and the Deathly Hallows,Potters' cat
Harry Potter and the Deathly Hallows,Unidentified Death Eaters
Harry Potter and the Deathly Hallows,Unidentified Ministry witch
Harry Potter and the Deathly Hallows,Unidentified Magical Maintenence employee
Harry Potter and the Deathly Hallows,German-speaking woman
Harry Potter and the Deathly Hallows,German-speaking children
Harry Potter and the Deathly Hallows,Reginald Cattermole
Harry Potter and the Deathly Hallows,Albert Runcorn
Harry Potter and the Deathly Hallows,Mary Cattermole
Harry Potter and the Deathly Hallows,Wakanda
Harry Potter and the Deathly Hallows,Bernie Pillsworth
Harry Potter and the Deathly Hallows,Bletchley
Harry Potter and the Deathly Hallows,Dirk Cresswell's wife
Harry Potter and the Deathly Hallows,Cresswell brothers
Harry Potter and the Deathly Hallows,Dirk Cresswell's friends
Harry Potter and the Deathly Hallows,Arkie Alderton
Harry Potter and the Deathly Hallows,Arkie Alderton's alleged son
Harry Potter and the Deathly Hallows,Maisie Cattermole
Harry Potter and the Deathly Hallows,Ellie Cattermole
Harry Potter and the Deathly Hallows,Alfred Cattermole
Harry Potter and the Deathly Hallows,Gornuk
Harry Potter and the Deathly Hallows,Gamp
Harry Potter and the Deathly Hallows,Bowman Wright
Harry Potter and the Deathly Hallows,Unidentified Muggle man Christmas shopping
Harry Potter and the Deathly Hallows,Unidentified Muggle woman Christmas shopping
Harry Potter and the Deathly Hallows,Abbott
Harry Potter and the Deathly Hallows,Ignotus Peverell
Harry Potter and the Deathly Hallows,Unidentified Muggle child who greets Lord Voldemort
Harry Potter and the Deathly Hallows,Barnabus Finkley
Harry Potter and the Deathly Hallows,Enid Smeek
Harry Potter and the Deathly Hallows,"5 unnamed Snatchers, including the Foul-smelling Snatcher"
Harry Potter and the Deathly Hallows,Egbert the Egregious
Harry Potter and the Deathly Hallows,Godelot
Harry Potter and the Deathly Hallows,Hereward
Harry Potter and the Deathly Hallows,Loxias
Harry Potter and the Deathly Hallows,Barnabas Deverill
Harry Potter and the Deathly Hallows,Arcus
Harry Potter and the Deathly Hallows,Livius
Harry Potter and the Deathly Hallows,Antioch Peverell
Harry Potter and the Deathly Hallows,Cadmus Peverell
Harry Potter and the Deathly Hallows,Death
Harry Potter and the Deathly Hallows,Dean Thomas's half-siblings
Harry Potter and the Deathly Hallows,Muggle family of five
Harry Potter and the Deathly Hallows,Scabior
Harry Potter and the Deathly Hallows,Dudley
Harry Potter and the Deathly Hallows,Unidentified Snatchers
Harry Potter and the Deathly Hallows,Ragnuk
Harry Potter and the Deathly Hallows,Edward Lupin
Harry Potter and the Deathly Hallows,Marius
Harry Potter and the Deathly Hallows,Unidentified Gringotts guard (I)
Harry Potter and the Deathly Hallows,Bogrod
Harry Potter and the Deathly Hallows,"Beggars on Diagon Alley, including one with a bloody cloth over his eye"
Harry Potter and the Deathly Hallows,Ukrainian Ironbelly at Gringotts
Harry Potter and the Deathly Hallows,Unidentified goblin killed by Voldemort
Harry Potter and the Deathly Hallows,Unidentified Ravenclaw first year boy
Harry Potter and the Deathly Hallows,Mary Macdonald
Harry Potter and the Goblet of Fire,Mary Riddle
Harry Potter and the Goblet of Fire,Thomas Riddle
Harry Potter and the Goblet of Fire,Riddles' maid
Harry Potter and the Goblet of Fire,Riddles' cook
Harry Potter and the Goblet of Fire,Frank Bryce
Harry Potter and the Goblet of Fire,Landlord of The Hanged Man
Harry Potter and the Goblet of Fire,Dot
Harry Potter and the Goblet of Fire,Little Hangleton Villagers
Harry Potter and the Goblet of Fire,Great Hangleton Police
Harry Potter and the Goblet of Fire,Current Owner of the Riddle House
Harry Potter and the Goblet of Fire,Little Hangleton boys
Harry Potter and the Goblet of Fire,Nagini
Harry Potter and the Goblet of Fire,Bertha Jorkins
Harry Potter and the Goblet of Fire,Smeltings Academy Nurse
Harry Potter and the Goblet of Fire,Little Whinging postman
Harry Potter and the Goblet of Fire,Barty Crouch Snr
Harry Potter and the Goblet of Fire,Ludo Bagman
Harry Potter and the Goblet of Fire,Otto Bagman
Harry Potter and the Goblet of Fire,Viktor Krum
Harry Potter and the Goblet of Fire,Amos Diggory
Harry Potter and the Goblet of Fire,Lovegood family
Harry Potter and the Goblet of Fire,Fawcett family
Harry Potter and the Goblet of Fire,Basil
Harry Potter and the Goblet of Fire,Basil's colleague
Harry Potter and the Goblet of Fire,Mr Roberts
Harry Potter and the Goblet of Fire,Mr Payne
Harry Potter and the Goblet of Fire,Roberts's Obliviator
Harry Potter and the Goblet of Fire,Kevin
Harry Potter and the Goblet of Fire,Kevin's mother
Harry Potter and the Goblet of Fire,Kevin's father
Harry Potter and the Goblet of Fire,3 African Wizards
Harry Potter and the Goblet of Fire,Group of Witches from The Salem Witches Institute
Harry Potter and the Goblet of Fire,Archie Aymslowe
Harry Potter and the Goblet of Fire,Unidentified Ministry of Magic Wizard at the 1994 Quidditch World Cup
Harry Potter and the Goblet of Fire,Mr Wood
Harry Potter and the Goblet of Fire,Mrs Wood
Harry Potter and the Goblet of Fire,Bill Weasley's Brazilian pen-friend
Harry Potter and the Goblet of Fire,Cuthbert Mockridge
Harry Potter and the Goblet of Fire,Gilbert Wimple
Harry Potter and the Goblet of Fire,Arnold Peasegood
Harry Potter and the Goblet of Fire,Broderick Bode
Harry Potter and the Goblet of Fire,Saul Croaker
Harry Potter and the Goblet of Fire,Roddy Pontner
Harry Potter and the Goblet of Fire,Agatha Timms
Harry Potter and the Goblet of Fire,Ali Bashir
Harry Potter and the Goblet of Fire,Bartemius Crouch Snr's grandfather
Harry Potter and the Goblet of Fire,Omnioculars Saleswizard
Harry Potter and the Goblet of Fire,Winky
Harry Potter and the Goblet of Fire,Bulgarian Minister for Magic
Harry Potter and the Goblet of Fire,Mungo Bonham
Harry Potter and the Goblet of Fire,Bulgaria's Veela Mascots
Harry Potter and the Goblet of Fire,Ireland's Leprechaun Mascots
Harry Potter and the Goblet of Fire,Vasily Dimitrov
Harry Potter and the Goblet of Fire,Clara Ivanova
Harry Potter and the Goblet of Fire,Lev Zograf
Harry Potter and the Goblet of Fire,Alexei Levski
Harry Potter and the Goblet of Fire,Pyotr Vulchanov
Harry Potter and the Goblet of Fire,Ivan Volkov
Harry Potter and the Goblet of Fire,Connolly
Harry Potter and the Goblet of Fire,Barry Ryan
Harry Potter and the Goblet of Fire,Troy
Harry Potter and the Goblet of Fire,Mullet
Harry Potter and the Goblet of Fire,Moran
Harry Potter and the Goblet of Fire,Quigley
Harry Potter and the Goblet of Fire,Aidan Lynch
Harry Potter and the Goblet of Fire,Hassan Mostafa
Harry Potter and the Goblet of Fire,Mrs Roberts
Harry Potter and the Goblet of Fire,2 Roberts children
Harry Potter and the Goblet of Fire,Unidentified Beauxbatons girl (I)
Harry Potter and the Goblet of Fire,Olympe Maxime
Harry Potter and the Goblet of Fire,Wizard who claimed to be a dragon killer
Harry Potter and the Goblet of Fire,Wizard who claimed to be a vampire hunter
Harry Potter and the Goblet of Fire,Ministry witch in woollen dressing gown
Harry Potter and the Goblet of Fire,Rita Skeeter
Harry Potter and the Goblet of Fire,Alastor Moody
Harry Potter and the Goblet of Fire,3 Muggle taxi drivers
Harry Potter and the Goblet of Fire,Dennis Creevey
Harry Potter and the Goblet of Fire,Stewart Ackerley
Harry Potter and the Goblet of Fire,Malcolm Baddock
Harry Potter and the Goblet of Fire,Eleanor Branstone
Harry Potter and the Goblet of Fire,Owen Cauldwell
Harry Potter and the Goblet of Fire,Emma Dobbs
Harry Potter and the Goblet of Fire,Laura Madley
Harry Potter and the Goblet of Fire,Natalie McDonald
Harry Potter and the Goblet of Fire,Graham Pritchard
Harry Potter and the Goblet of Fire,Orla Quirke
Harry Potter and the Goblet of Fire,Kevin Whitby
Harry Potter and the Goblet of Fire,Hogwarts house-elves
Harry Potter and the Goblet of Fire,Barty Crouch Jr
Harry Potter and the Goblet of Fire,Eloise Midgeon
Harry Potter and the Goblet of Fire,Hagrid's Blast-Ended Skrewts
Harry Potter and the Goblet of Fire,Moody's 3 Spiders
Harry Potter and the Goblet of Fire,12 Beauxbatons Academy of Magic Abraxan
Harry Potter and the Goblet of Fire,Igor Karkaroff
Harry Potter and the Goblet of Fire,Poliakoff
Harry Potter and the Goblet of Fire,Summers
Harry Potter and the Goblet of Fire,Fleur Delacour
Harry Potter and the Goblet of Fire,Violet
Harry Potter and the Goblet of Fire,Apolline Delacour's mother
Harry Potter and the Goblet of Fire,Mykew Gregorovitch
Harry Potter and the Goblet of Fire,Unidentified female Hungarian Horntail
Harry Potter and the Goblet of Fire,Unidentified female Chinese Fireball
Harry Potter and the Goblet of Fire,Unidentified female Swedish Shortsnout
Harry Potter and the Goblet of Fire,Unidentified female Common Welsh Green
Harry Potter and the Goblet of Fire,Charlie Weasley's colleagues
Harry Potter and the Goblet of Fire,Winky's mother
Harry Potter and the Goblet of Fire,Winky's grandmother
Harry Potter and the Goblet of Fire,Unidentified Hufflepuff third year girl
Harry Potter and the Goblet of Fire,Unidentified second year girl
Harry Potter and the Goblet of Fire,Unidentified fifth year girl
Harry Potter and the Goblet of Fire,Weird Sisters
Harry Potter and the Goblet of Fire,Joey Jenkins
Harry Potter and the Goblet of Fire,Stebbins
Harry Potter and the Goblet of Fire,Unidentified Beauxbatons boy
Harry Potter and the Goblet of Fire,Fridwulfa
Harry Potter and the Goblet of Fire,Rubeus Hagrid's father
Harry Potter and the Goblet of Fire,Boris the Bewildered
Harry Potter and the Goblet of Fire,Wilhelmina Grubbly-Plank
Harry Potter and the Goblet of Fire,Care of Magical Creatures Unicorn
Harry Potter and the Goblet of Fire,Ludovic Bagman's goblin creditors
Harry Potter and the Goblet of Fire,Bertha Jorkins's second cousin
Harry Potter and the Goblet of Fire,Bertha Jorkins's aunt
Harry Potter and the Goblet of Fire,Aberforth Dumbledore
Harry Potter and the Goblet of Fire,Olive Hornby's brother
Harry Potter and the Goblet of Fire,Two Unicorn foals
Harry Potter and the Goblet of Fire,Black Lake Grindylows
Harry Potter and the Goblet of Fire,Black Lake Merpeople colony
Harry Potter and the Goblet of Fire,Gabrielle Delacour
Harry Potter and the Goblet of Fire,Murcus
Harry Potter and the Goblet of Fire,Mrs Crouch
Harry Potter and the Goblet of Fire,Evan Rosier
Harry Potter and the Goblet of Fire,Wilkes
Harry Potter and the Goblet of Fire,Bellatrix Lestrange
Harry Potter and the Goblet of Fire,Rodolphus Lestrange
Harry Potter and the Goblet of Fire,Avery
Harry Potter and the Goblet of Fire,Care of Magical Creatures Nifflers
Harry Potter and the Goblet of Fire,Old muggle tramp
Harry Potter and the Goblet of Fire,Mrs Fudge
Harry Potter and the Goblet of Fire,Andorran Minister of Magic
Harry Potter and the Goblet of Fire,Antonin Dolohov
Harry Potter and the Goblet of Fire,Travers
Harry Potter and the Goblet of Fire,Mulciber
Harry Potter and the Goblet of Fire,Augustus Rookwood
Harry Potter and the Goblet of Fire,Ludovic Bagman's father
Harry Potter and the Goblet of Fire,Unidentified female Council of Magical Law juror
Harry Potter and the Goblet of Fire,Rabastan Lestrange
Harry Potter and the Goblet of Fire,Frank Longbottom
Harry Potter and the Goblet of Fire,Alice Longbottom
Harry Potter and the Goblet of Fire,Florence
Harry Potter and the Goblet of Fire,Florence's boyfriend
Harry Potter and the Goblet of Fire,Apolline Delacour
Harry Potter and the Goblet of Fire,Mrs Diggory
Harry Potter and the Goblet of Fire,Mr Krum
Harry Potter and the Goblet of Fire,Mrs Krum
Harry Potter and the Goblet of Fire,Apollyon Pringle
Harry Potter and the Goblet of Fire,Ogg
Harry Potter and the Goblet of Fire,Bodrod the Bearded
Harry Potter and the Goblet of Fire,Urg the Unclean
Harry Potter and the Goblet of Fire,Hedge Maze Boggart
Harry Potter and the Goblet of Fire,Hedge Maze Sphinx
Harry Potter and the Goblet of Fire,Hedge Maze Spider
Harry Potter and the Goblet of Fire,Crabbe
Harry Potter and the Goblet of Fire,Goyle
Harry Potter and the Goblet of Fire,Nott
Harry Potter and the Goblet of Fire,Lee Jordan's father
Harry Potter and the Half-Blood Prince,President of foreign country
Harry Potter and the Half-Blood Prince,Prime Minister's political opponent
Harry Potter and the Half-Blood Prince,Herbert Chorley
Harry Potter and the Half-Blood Prince,Ulick Gamp
Harry Potter and the Half-Blood Prince,Prime Minister's niece
Harry Potter and the Half-Blood Prince,Prime Minister's personal secretary
Harry Potter and the Half-Blood Prince,Chancellor of the Exchequer
Harry Potter and the Half-Blood Prince,Fox near Spinner's End
Harry Potter and the Half-Blood Prince,Corban Yaxley
Harry Potter and the Half-Blood Prince,Amycus Carrow
Harry Potter and the Half-Blood Prince,Alecto Carrow
Harry Potter and the Half-Blood Prince,Fenrir Greyback
Harry Potter and the Half-Blood Prince,Horace Slughorn
Harry Potter and the Half-Blood Prince,Dirk Cresswell
Harry Potter and the Half-Blood Prince,Barnabus Cuffe
Harry Potter and the Half-Blood Prince,Ciceron Harkiss
Harry Potter and the Half-Blood Prince,Gwenog Jones
Harry Potter and the Half-Blood Prince,Arkie Philpott
Harry Potter and the Half-Blood Prince,Ministry of Magic Car Driver
Harry Potter and the Half-Blood Prince,Amulet Salesman
Harry Potter and the Half-Blood Prince,Verity
Harry Potter and the Half-Blood Prince,Arnold
Harry Potter and the Half-Blood Prince,Unidentified Aurors
Harry Potter and the Half-Blood Prince,Romilda Vane
Harry Potter and the Half-Blood Prince,Unidentified third year girl
Harry Potter and the Half-Blood Prince,Cormac McLaggen
Harry Potter and the Half-Blood Prince,Marcus Belby
Harry Potter and the Half-Blood Prince,Damocles
Harry Potter and the Half-Blood Prince,Mr Belby
Harry Potter and the Half-Blood Prince,Tiberius
Harry Potter and the Half-Blood Prince,Bertie Higgs
Harry Potter and the Half-Blood Prince,Blaise Zabini's mother
Harry Potter and the Half-Blood Prince,Proudfoot
Harry Potter and the Half-Blood Prince,Savage
Harry Potter and the Half-Blood Prince,Unidentified Gryffindor fourth year boy
Harry Potter and the Half-Blood Prince,Libatius Borage
Harry Potter and the Half-Blood Prince,Hector Dagworth-Granger
Harry Potter and the Half-Blood Prince,Abraxas Malfoy
Harry Potter and the Half-Blood Prince,Humphrey Belcher
Harry Potter and the Half-Blood Prince,Bob Ogden
Harry Potter and the Half-Blood Prince,Marvolo Gaunt
Harry Potter and the Half-Blood Prince,Morfin Gaunt
Harry Potter and the Half-Blood Prince,Cecilia
Harry Potter and the Half-Blood Prince,Tom Riddle's chestnut horse
Harry Potter and the Half-Blood Prince,Mr Patil
Harry Potter and the Half-Blood Prince,Mrs Patil
Harry Potter and the Half-Blood Prince,Mr Midgen
Harry Potter and the Half-Blood Prince,Mrs Abbott
Harry Potter and the Half-Blood Prince,Demelza Robins
Harry Potter and the Half-Blood Prince,Jimmy Peakes
Harry Potter and the Half-Blood Prince,Ritchie Coote
Harry Potter and the Half-Blood Prince,Melinda Bobbin
Harry Potter and the Half-Blood Prince,Leanne
Harry Potter and the Half-Blood Prince,Caractacus Burke
Harry Potter and the Half-Blood Prince,Unidentified Wool's Orphanage girl
Harry Potter and the Half-Blood Prince,Mrs Cole
Harry Potter and the Half-Blood Prince,Martha
Harry Potter and the Half-Blood Prince,Billy Stubbs
Harry Potter and the Half-Blood Prince,Eric Whalley
Harry Potter and the Half-Blood Prince,Billy Stubbs's Rabbit
Harry Potter and the Half-Blood Prince,Amy Benson
Harry Potter and the Half-Blood Prince,Dennis Bishop
Harry Potter and the Half-Blood Prince,Muriel
Harry Potter and the Half-Blood Prince,Vaisey
Harry Potter and the Half-Blood Prince,Urquhart
Harry Potter and the Half-Blood Prince,Harper
Harry Potter and the Half-Blood Prince,Romilda Vane's grandmother
Harry Potter and the Half-Blood Prince,Eldred Worple
Harry Potter and the Half-Blood Prince,Sanguini
Harry Potter and the Half-Blood Prince,Gawain Robards
Harry Potter and the Half-Blood Prince,Fergus
Harry Potter and the Half-Blood Prince,Galatea Merrythought
Harry Potter and the Half-Blood Prince,Lestrange
Harry Potter and the Half-Blood Prince,Avery
Harry Potter and the Half-Blood Prince,Golpalott
Harry Potter and the Half-Blood Prince,Scarpin
Harry Potter and the Half-Blood Prince,Wilkie Twycross
Harry Potter and the Half-Blood Prince,Unidentifed Hufflepuff Captain
Harry Potter and the Half-Blood Prince,Cadwallader
Harry Potter and the Half-Blood Prince,Hokey
Harry Potter and the Half-Blood Prince,Hepzibah Smith
Harry Potter and the Half-Blood Prince,Hepzibah Smith's Family
Harry Potter and the Half-Blood Prince,Rosier
Harry Potter and the Half-Blood Prince,Mulciber
Harry Potter and the Half-Blood Prince,Octavius Pepper
Harry Potter and the Half-Blood Prince,Unidentified nine-year old
Harry Potter and the Half-Blood Prince,Unidentified nine-year old's grandparents
Harry Potter and the Half-Blood Prince,Montgomery sisters
Harry Potter and the Half-Blood Prince,Montgomery
Harry Potter and the Half-Blood Prince,Montgomery sisters' mother
Harry Potter and the Half-Blood Prince,Odo
Harry Potter and the Half-Blood Prince,Katie Bell's father
Harry Potter and the Half-Blood Prince,Katie Bell's mother
Harry Potter and the Half-Blood Prince,Bertram Aubrey
Harry Potter and the Half-Blood Prince,Inferi Army of Lord Voldemort
Harry Potter and the Half-Blood Prince,Thorfinn Rowle
Harry Potter and the Half-Blood Prince,Gibbon
Harry Potter and the Order of the Phoenix,Unnamed Newsreader
Harry Potter and the Order of the Phoenix,Bungy
Harry Potter and the Order of the Phoenix,Mary Dorkins
Harry Potter and the Order of the Phoenix,Mrs Number Seven
Harry Potter and the Order of the Phoenix,Mark Evans
Harry Potter and the Order of the Phoenix,Two Dementors
Harry Potter and the Order of the Phoenix,Mr Prentice
Harry Potter and the Order of the Phoenix,Nymphadora Tonks
Harry Potter and the Order of the Phoenix,Kingsley Shacklebolt
Harry Potter and the Order of the Phoenix,Elphias Doge
Harry Potter and the Order of the Phoenix,Emmeline Vance
Harry Potter and the Order of the Phoenix,Sturgis Podmore
Harry Potter and the Order of the Phoenix,Hestia Jones
Harry Potter and the Order of the Phoenix,Edward Tonks
Harry Potter and the Order of the Phoenix,Andromeda Tonks
Harry Potter and the Order of the Phoenix,Kreacher
Harry Potter and the Order of the Phoenix,Walburga Black
Harry Potter and the Order of the Phoenix,Phineas Nigellus Black
Harry Potter and the Order of the Phoenix,Kreacher's mother
Harry Potter and the Order of the Phoenix,12 Grimmauld Place Doxies
Harry Potter and the Order of the Phoenix,Nottingham Goblin Family
Harry Potter and the Order of the Phoenix,Ragnok
Harry Potter and the Order of the Phoenix,Will
Harry Potter and the Order of the Phoenix,Warty Harris
Harry Potter and the Order of the Phoenix,Millicent Bagnold
Harry Potter and the Order of the Phoenix,Fleamont Potter
Harry Potter and the Order of the Phoenix,Euphemia Potter
Harry Potter and the Order of the Phoenix,Alphard Black
Harry Potter and the Order of the Phoenix,Orion Black
Harry Potter and the Order of the Phoenix,Regulus Black
Harry Potter and the Order of the Phoenix,Araminta Meliflua
Harry Potter and the Order of the Phoenix,Elladora Black
Harry Potter and the Order of the Phoenix,Arcturus Black III[1]
Harry Potter and the Order of the Phoenix,12 Grimmauld Place Ghoul
Harry Potter and the Order of the Phoenix,12 Grimmauld Place Boggart
Harry Potter and the Order of the Phoenix,Rufus Scrimgeour
Harry Potter and the Order of the Phoenix,Amelia Bones
Harry Potter and the Order of the Phoenix,Eric Munch
Harry Potter and the Order of the Phoenix,Bob
Harry Potter and the Order of the Phoenix,Dolores Umbridge
Harry Potter and the Order of the Phoenix,Wilbert Slinkhard
Harry Potter and the Order of the Phoenix,Marlene McKinnon
Harry Potter and the Order of the Phoenix,Benjy Fenwick
Harry Potter and the Order of the Phoenix,Edgar Bones
Harry Potter and the Order of the Phoenix,Caradoc Dearborn
Harry Potter and the Order of the Phoenix,Gideon Prewett
Harry Potter and the Order of the Phoenix,Fabian Prewett
Harry Potter and the Order of the Phoenix,Dorcas Meadowes
Harry Potter and the Order of the Phoenix,Luna Lovegood
Harry Potter and the Order of the Phoenix,Anthony Goldstein
Harry Potter and the Order of the Phoenix,Doris Purkiss
Harry Potter and the Order of the Phoenix,Stubby Boardman
Harry Potter and the Order of the Phoenix,Xenophilius Lovegood
Harry Potter and the Order of the Phoenix,Hogwarts Thestral herd
Harry Potter and the Order of the Phoenix,Euan Abercrombie
Harry Potter and the Order of the Phoenix,Rose Zeller
Harry Potter and the Order of the Phoenix,Dean Thomas's mother
Harry Potter and the Order of the Phoenix,Dean Thomas's father
Harry Potter and the Order of the Phoenix,Patricia Stimpson
Harry Potter and the Order of the Phoenix,Kenneth Towler
Harry Potter and the Order of the Phoenix,Inigo Imago
Harry Potter and the Order of the Phoenix,Care of Magical Creatures Bowtruckles
Harry Potter and the Order of the Phoenix,Lachlan the Lanky
Harry Potter and the Order of the Phoenix,Vicky Frobisher
Harry Potter and the Order of the Phoenix,Geoffrey Hooper
Harry Potter and the Order of the Phoenix,Wilfred the Wistful
Harry Potter and the Order of the Phoenix,Mrs Chang
Harry Potter and the Order of the Phoenix,Donaghan Tremlett
Harry Potter and the Order of the Phoenix,Griselda Marchbanks
Harry Potter and the Order of the Phoenix,Tiberius Ogden
Harry Potter and the Order of the Phoenix,Cassandra Trelawney
Harry Potter and the Order of the Phoenix,Marietta Edgecombe
Harry Potter and the Order of the Phoenix,Michael Corner
Harry Potter and the Order of the Phoenix,Zacharias Smith
Harry Potter and the Order of the Phoenix,Unidentified Gryffindor boy
Harry Potter and the Order of the Phoenix,Unidentified Gryffindor boy's friend
Harry Potter and the Order of the Phoenix,Unidentified Gryffindor girl
Harry Potter and the Order of the Phoenix,Gargoyles at the staff room entrance
Harry Potter and the Order of the Phoenix,Barnabus the Barmy
Harry Potter and the Order of the Phoenix,Mr Edgecombe
Harry Potter and the Order of the Phoenix,Madam Edgecombe
Harry Potter and the Order of the Phoenix,Mr Chang
Harry Potter and the Order of the Phoenix,Ladislaw Zamojski
Harry Potter and the Order of the Phoenix,Karkus
Harry Potter and the Order of the Phoenix,Karkus' wife
Harry Potter and the Order of the Phoenix,Golgomath
Harry Potter and the Order of the Phoenix,Tenebrus
Harry Potter and the Order of the Phoenix,Neville Longbottom's grandfather
Harry Potter and the Order of the Phoenix,Andrew Kirke
Harry Potter and the Order of the Phoenix,Jack Sloper
Harry Potter and the Order of the Phoenix,Everard
Harry Potter and the Order of the Phoenix,Dilys Derwent
Harry Potter and the Order of the Phoenix,Elfrida Cragg
Harry Potter and the Order of the Phoenix,Dexter Fortescue
Harry Potter and the Order of the Phoenix,Unidentified female Head
Harry Potter and the Order of the Phoenix,Ventriloquist dummy at Purge and Dowse
Harry Potter and the Order of the Phoenix,St Mungo's Welcome Witch
Harry Potter and the Order of the Phoenix,Dai Llewellyn
Harry Potter and the Order of the Phoenix,Hippocrates Smethwyck
Harry Potter and the Order of the Phoenix,Augustus Pye
Harry Potter and the Order of the Phoenix,Urquhart Rackharrow
Harry Potter and the Order of the Phoenix,Unidentified man in Mr Weasley's ward
Harry Potter and the Order of the Phoenix,Unidentified women in Mr Weasley's ward
Harry Potter and the Order of the Phoenix,Willy Widdershins
Harry Potter and the Order of the Phoenix,Portrait of a Healer in St Mungo's Hospital
Harry Potter and the Order of the Phoenix,Miriam Strout
Harry Potter and the Order of the Phoenix,Janus Thickey
Harry Potter and the Order of the Phoenix,Agnes
Harry Potter and the Order of the Phoenix,Agnes's son
Harry Potter and the Order of the Phoenix,Puddifoot
Harry Potter and the Order of the Phoenix,Roger Davies' date
Harry Potter and the Order of the Phoenix,Summerby
Harry Potter and the Order of the Phoenix,Tobias Snape
Harry Potter and the Order of the Phoenix,Eileen Prince
Harry Potter and the Order of the Phoenix,John Dawlish
Harry Potter and the Order of the Phoenix,Stebbins
Harry Potter and the Order of the Phoenix,Mr Montague
Harry Potter and the Order of the Phoenix,Mrs Montague
Harry Potter and the Order of the Phoenix,Bradley
Harry Potter and the Order of the Phoenix,Grawp
Harry Potter and the Order of the Phoenix,Magorian
Harry Potter and the Order of the Phoenix,Unidentified hard-faced grey centaur
Harry Potter and the Order of the Phoenix,Chambers
Harry Potter and the Order of the Phoenix,Eddie Carmichael
Harry Potter and the Order of the Phoenix,Harold Dingle
Harry Potter and the Order of the Phoenix,Daphne Greengrass
Harry Potter and the Order of the Phoenix,Tofty
Harry Potter and the Order of the Phoenix,Pierre Bonaccord
Harry Potter and the Order of the Phoenix,An unidentified sixth year girl
Harry Potter and the Order of the Phoenix,Unidentified centaur
Harry Potter and the Order of the Phoenix,Unidentified bearded centaur
Harry Potter and the Order of the Phoenix,Unidentified dun-coloured centaur
Harry Potter and the Order of the Phoenix,Unidentified snow white centaur
Harry Potter and the Order of the Phoenix,Unidentified thestrals
Harry Potter and the Order of the Phoenix,Jugson
Harry Potter and the Order of the Phoenix,Unidentified female Seer
Harry Potter and the Order of the Phoenix,Unidentified male Seer
Harry Potter and the Order of the Phoenix,Williamson
Harry Potter and the Prisoner of Azkaban,Wendelin the Weird
Harry Potter and the Prisoner of Azkaban,Unidentified Hogwarts owl
Harry Potter and the Prisoner of Azkaban,Fleetwood
Harry Potter and the Prisoner of Azkaban,Ripper
Harry Potter and the Prisoner of Azkaban,Fubster
Harry Potter and the Prisoner of Azkaban,Stan Shunpike
Harry Potter and the Prisoner of Azkaban,Ernie Prang
Harry Potter and the Prisoner of Azkaban,Sleeping wizard on the Knight Bus
Harry Potter and the Prisoner of Azkaban,Marsh
Harry Potter and the Prisoner of Azkaban,Prime Minister
Harry Potter and the Prisoner of Azkaban,Florean Fortescue
Harry Potter and the Prisoner of Azkaban,Cassandra Vablatsky
Harry Potter and the Prisoner of Azkaban,Magical Menagerie saleswoman
Harry Potter and the Prisoner of Azkaban,Crookshanks
Harry Potter and the Prisoner of Azkaban,Remus Lupin
Harry Potter and the Prisoner of Azkaban,Silvanus Kettleburn
Harry Potter and the Prisoner of Azkaban,Dementor
Harry Potter and the Prisoner of Azkaban,Cadogan
Harry Potter and the Prisoner of Azkaban,Sybill Trelawney
Harry Potter and the Prisoner of Azkaban,Bilius
Harry Potter and the Prisoner of Azkaban,Hogwarts Hippogriff herd
Harry Potter and the Prisoner of Azkaban,Buckbeak
Harry Potter and the Prisoner of Azkaban,Unidentified Muggle woman mentioned in Daily Prophet
Harry Potter and the Prisoner of Azkaban,Staff room Boggart
Harry Potter and the Prisoner of Azkaban,Unidentified Gryffindor girls
Harry Potter and the Prisoner of Azkaban,Binky
Harry Potter and the Prisoner of Azkaban,Lupin's Grindylow
Harry Potter and the Prisoner of Azkaban,Cedric Diggory
Harry Potter and the Prisoner of Azkaban,Lupin's Hinkypunk
Harry Potter and the Prisoner of Azkaban,Davey Gudgeon
Harry Potter and the Prisoner of Azkaban,Ambrosius Flume
Harry Potter and the Prisoner of Azkaban,Ambrosius Flume's wife
Harry Potter and the Prisoner of Azkaban,Rosmerta
Harry Potter and the Prisoner of Azkaban,Peter Pettigrew's mother
Harry Potter and the Prisoner of Azkaban,Derek
Harry Potter and the Prisoner of Azkaban,Unnamed First Year
Harry Potter and the Prisoner of Azkaban,Unnamed Slytherin Fifth Year
Harry Potter and the Prisoner of Azkaban,Septima Vector
Harry Potter and the Prisoner of Azkaban,Cho Chang
Harry Potter and the Prisoner of Azkaban,Roger Davies
Harry Potter and the Prisoner of Azkaban,Security Trolls
Harry Potter and the Prisoner of Azkaban,Cassius Warrington
Harry Potter and the Prisoner of Azkaban,Graham Montague
Harry Potter and the Prisoner of Azkaban,Peregrine Derrick
Harry Potter and the Prisoner of Azkaban,Lucian Bole
Harry Potter and the Prisoner of Azkaban,Unidentified Committee for the Disposal of Dangerous Creatures member
Harry Potter and the Prisoner of Azkaban,Walden Macnair
Harry Potter and the Prisoner of Azkaban,Lyall Lupin
Harry Potter and the Prisoner of Azkaban,Hope Lupin
